{"loss":{"0":6.0980566555,"1":3.9080420616,"2":2.7407718078,"3":2.0035439729,"4":1.4966575483,"5":1.196215902,"6":1.0246519276,"7":0.9202627174},"top_1":{"0":0.1730650812,"1":0.359200716,"2":0.4727297723,"3":0.5485526323,"4":0.6134263873,"5":0.6589338183,"6":0.6854855418,"7":0.701156497},"top_3":{"0":0.2664750516,"1":0.5121467113,"2":0.6446999311,"3":0.7335934043,"4":0.8100321889,"5":0.8558817506,"6":0.8758639693,"7":0.8861287832},"top_5":{"0":0.3115034699,"1":0.573735714,"2":0.7084787488,"3":0.794292748,"4":0.8766167164,"5":0.9157599211,"6":0.9308150411,"7":0.9382741451},"top_10":{"0":0.365907073,"1":0.647505641,"2":0.7733525038,"3":0.8596455455,"4":0.9413535595,"5":0.9690002203,"6":0.9792650342,"7":0.98371315},"top_50":{"0":0.5308971405,"1":0.7670567036,"2":0.8686101437,"3":0.9607198834,"4":0.9968520999,"5":0.9991104007,"6":0.9999315739,"7":0.9999315739},"val_loss":{"0":4.9447523355,"1":3.9829732776,"2":3.5593694448,"3":3.4001380205,"4":3.3892102242,"5":3.4487678409,"6":3.5219717622,"7":3.5770965815},"val_top_1":{"0":0.2791461349,"1":0.3793103397,"2":0.424192667,"3":0.4406130314,"4":0.4438970983,"5":0.4411603808,"6":0.4417077303,"7":0.4351395667},"val_top_3":{"0":0.4203612506,"1":0.5342090726,"2":0.5949644446,"3":0.6256157756,"4":0.6305418611,"5":0.6414887905,"6":0.6371099949,"7":0.6365626454},"val_top_5":{"0":0.4854953587,"1":0.6031746268,"2":0.6655719876,"3":0.6951286197,"4":0.707170248,"5":0.7099069357,"6":0.7099069357,"7":0.7066228986},"val_top_10":{"0":0.5615763664,"1":0.6732348204,"2":0.7350848317,"3":0.7651888132,"4":0.7799671888,"5":0.7843459249,"6":0.7848932743,"7":0.7832512259},"val_top_50":{"0":0.6874657869,"1":0.7783251405,"2":0.8314176202,"3":0.8560481668,"4":0.8620689511,"5":0.8648056984,"6":0.8642583489,"7":0.8675424457}}